{"Type":"SnapshotBivojStartRequest","ExecutedFromAutoTester":false,"VariantId":8,"QueueId":6897472,"DtmFrom":"2021-11-23T18:00:00Z","DtmToEx":"2021-11-24T23:00:00Z","DtmActUTC":"2021-11-23T17:09:53Z","WriteData":true,"ManTdms":"CenyTdms","TaskType":"Dispecer","ContractType":"SML","TimeKind":"UTC","IsppVersion":"8.8.0 B","BlockList":[150011,152009,152010,153000,170003,173000,258300,274301,280101,280102,450041,450121,451321,451322,451323,451324,451325,451421,451422,451423,451424,452102,452103,452304,456000,458100,475001,475002,475003,475004,553000,556200,558200,558900,653000,658900,670001,670002,670003,670004,671105,671106,680201,680202,680203,680204,690106,751001,751002,751003,751004,755000,758800,758900,759900,770001,770002,771103],"ReportList":["P_Veliciny_PP","P_Bilance_PP"],"CompositionList":["P_DAE","P_Cena_RTdos","P_GrafBloky","P_Najizedci_Nakl","P_Bilance_PP","P_GrafSegPdg","P_Agregace","P_Poradi","P_GrafCeny","P_Veliciny_PP"],"Algorithm":"AlgLoad","OnlyValidCertificates":true,"UseSurchargeForFuel":true,"IncludeDtPpsResults":true,"ExchangeType":"Current","HotWarmup":0,"OptimalizationProfile":"STANDARD","OptimalizationParameters":{},"CutMZ5":null,"Seance":null,"OptimizePVE":null,"NbHours":null,"RespectDPP":null}