{"QueueId":6897472,"Status":"Finished","StatusDesc":"Finished","BivojSnapshotStatus":"Done","FullSnapshotStatus":"Done","BivojStatus":"Done","PostprocessingStatus":"Done","OutputsStatus":"Done","Timestamps":{"QueuedUTC":"2021-11-23T17:09:54.4043536Z","StartProcessUTC":"2021-11-23T17:09:56.1594841Z","BivojSnapshotStatus_RunningUTC":"2021-11-23T17:09:57.0266947Z","BivojSnapshotStatus_DoneUTC":"2021-11-23T17:10:07.1278818Z","BivojStatus_RunningUTC":"2021-11-23T17:10:07.1362819Z","FullSnapshotStatus_RunningUTC":"2021-11-23T17:10:07.2315267Z","FullSnapshotStatus_DoneUTC":"2021-11-23T17:10:27.6685834Z","BivojStatus_DoneUTC":"2021-11-23T17:11:14.4059828Z","PostprocessingStatus_RunningUTC":"2021-11-23T17:11:16.5590011Z","PostprocessingStatus_DoneUTC":"2021-11-23T17:11:55.7802554Z","OutputsStatus_RunningUTC":"2021-11-23T17:11:57.4929034Z","OutputsStatus_DoneUTC":"2021-11-23T17:12:00.9576163Z","EndProcessUTC":"2021-11-23T17:12:00.9583491Z"}}